{
  "id": "3632554",
  "name": "黑马头条",
  "font_family": "toutiao",
  "css_prefix_text": "toutiao-",
  "description": "",
  "glyphs": [
    {
      "icon_id": "30915402",
      "name": "更多",
      "font_class": "gengduo",
      "unicode": "e61d",
      "unicode_decimal": 58909
    },
    {
      "icon_id": "30915403",
      "name": "关闭",
      "font_class": "guanbi",
      "unicode": "e61e",
      "unicode_decimal": 58910
    },
    {
      "icon_id": "30915404",
      "name": "点赞",
      "font_class": "dianzan",
      "unicode": "e61f",
      "unicode_decimal": 58911
    },
    {
      "icon_id": "30915405",
      "name": "分享",
      "font_class": "fenxiang",
      "unicode": "e620",
      "unicode_decimal": 58912
    },
    {
      "icon_id": "30915406",
      "name": "点赞2",
      "font_class": "dianzan2",
      "unicode": "e621",
      "unicode_decimal": 58913
    },
    {
      "icon_id": "30915407",
      "name": "历史",
      "font_class": "lishi",
      "unicode": "e622",
      "unicode_decimal": 58914
    },
    {
      "icon_id": "30915408",
      "name": "评论",
      "font_class": "pinglun",
      "unicode": "e623",
      "unicode_decimal": 58915
    },
    {
      "icon_id": "30915409",
      "name": "视频",
      "font_class": "shipin",
      "unicode": "e624",
      "unicode_decimal": 58916
    },
    {
      "icon_id": "30915410",
      "name": "问答",
      "font_class": "wenda",
      "unicode": "e625",
      "unicode_decimal": 58917
    },
    {
      "icon_id": "30915411",
      "name": "手机",
      "font_class": "shouji",
      "unicode": "e626",
      "unicode_decimal": 58918
    },
    {
      "icon_id": "30915412",
      "name": "首页",
      "font_class": "shouye",
      "unicode": "e627",
      "unicode_decimal": 58919
    },
    {
      "icon_id": "30915413",
      "name": "验证码",
      "font_class": "yanzhengma",
      "unicode": "e628",
      "unicode_decimal": 58920
    },
    {
      "icon_id": "30915414",
      "name": "收藏",
      "font_class": "shoucang",
      "unicode": "e629",
      "unicode_decimal": 58921
    },
    {
      "icon_id": "30915415",
      "name": "我的",
      "font_class": "wode",
      "unicode": "e62a",
      "unicode_decimal": 58922
    },
    {
      "icon_id": "30915416",
      "name": "右箭头",
      "font_class": "youjiantou",
      "unicode": "e62b",
      "unicode_decimal": 58923
    },
    {
      "icon_id": "30915417",
      "name": "阅读",
      "font_class": "yuedu",
      "unicode": "e62c",
      "unicode_decimal": 58924
    },
    {
      "icon_id": "30915418",
      "name": "搜索",
      "font_class": "sousuo",
      "unicode": "e62d",
      "unicode_decimal": 58925
    },
    {
      "icon_id": "30915419",
      "name": "左箭头",
      "font_class": "zuojiantou",
      "unicode": "e62e",
      "unicode_decimal": 58926
    },
    {
      "icon_id": "30915420",
      "name": "无网络",
      "font_class": "wuwangluo",
      "unicode": "e62f",
      "unicode_decimal": 58927
    },
    {
      "icon_id": "30915421",
      "name": "作品",
      "font_class": "zuopin",
      "unicode": "e630",
      "unicode_decimal": 58928
    },
    {
      "icon_id": "30915422",
      "name": "删除",
      "font_class": "shanchu",
      "unicode": "e631",
      "unicode_decimal": 58929
    }
  ]
}
